"dataset","No_of_Cities","tour_length","TC_mean","TC_vc","TC_skew","LMTL_mean","LMTL_vc","LMTL_skew","IPS_mean","IPS_vc","IPS_skew","STLM_mean","STLM_vc","STLM_skew","DBLM_mean","DBLM_vc","DBLM_skew","POELM_mean","POELM_vc","POELM_skew","IPC_mean","IPC_vc","IPC_skew","Ratio_UBLB","Pct_int","Pct_nonint","Min_nonint","Max_nonint","q25_nonint","q50_nonint","q75_nonint"
"brg180.tsp","180","118860","1950","0","NaN","1950","0","NaN","1","0.512989176042577","1.38891819413528","16.6","71.8492214632217","0.876573338923607","0.994444444444444","0","NaN","0.00555555555555556","0","NaN","-0.248168498168498","-424.576229439974","-0.0797545361807565","1.00515463917526","0.584362139917695","0.415637860082305","0.981132","0.018868","0.103774","0.301887","0.622642"
"a280.tsp","280","24642.6928267414","2579.8","0.000389661748934053","0.378015652232739","2579.8","0.000389661748934053","0.378015652232739","2.94825581395349","0.394983117619974","-0.378015652233255","42.7","64.5045866137245","0.477461903496008","0.996428571428571","0","NaN","0.00357142857142857","0","NaN","-0.0288407026726998","-2818.66199166196","5.70855355929896","1.00939334637965","0.78525641025641","0.21474358974359","0.982759","0.017241","0.1149425","0.551724","0.931034"
